denumire client,numar factura,total,rest plata,zona / agent
AB ONLYMANIA SRL ZLATNA,DMEG 8680,1132,1132,Alba
AB ONLYMANIA SRL ZLATNA,DMEG 8748,521.97,521.97,Alba
AB ONLYMANIA SRL ZLATNA,DMEG 8792,481.94,481.94,Alba
AB ONLYMANIA SRL ZLATNA,DMEG 8826,987.25,987.25,Alba
AB ONLYMANIA SRL ZLATNA,DMEG 8837,850.85,850.85,Alba
AB ONLYMANIA SRL ZLATNA,DMEG 8867,2802.73,2802.73,Alba
AB ONLYMANIA SRL ZLATNA,DMEG 8902,893.3,893.3,Alba
AB ONLYMANIA SRL ZLATNA,DMEG 8941,840.17,840.17,Alba
ABD AUTO SHOP S.R.L. DEVA,DMEG 8951,464.86,464.86,Hunedoara
ABD AUTO SHOP S.R.L. DEVA,DMEG 8965,541.57,541.57,Hunedoara
ADN LOGISPRINT SRL BRAD,DMEG 8702,6074.02,6074.02,Calin M (G8 En-Gros)
ADRIA SHOP GSM S.R.L. CAMPENI,DMEG 8871,904.6,904.6,Alba
ADRIA SHOP GSM S.R.L. CAMPENI,DMEG 8938,872.99,872.99,Alba
ADRIA SHOP GSM S.R.L. CAMPENI,DMEG 8970,874.25,874.25,Alba
ALBA MOTOR S.R.L. ALBA IULIA,DMEG 8716,385.48,385.48,Alba
ALBA MOTOR S.R.L. ALBA IULIA,DMEG 8852,1418.1,1418.1,Alba
ALBA MOTOR S.R.L. ALBA IULIA,DMEG 8916,450.74,450.74,Alba
ALBU CARS TOOLS S.R.L. SAT PESTISU MARE  HUNEDOA,DMEG 8759,546.62,255.4,Hunedoara
ALBU CARS TOOLS S.R.L. SAT PESTISU MARE  HUNEDOA,DMEG 8805,637.62,637.62,Hunedoara
ALBU CARS TOOLS S.R.L. SAT PESTISU MARE  HUNEDOA,DMEG 8905,1536.5,1536.5,Hunedoara
ALBU CARS TOOLS S.R.L. SAT PESTISU MARE  HUNEDOA,DMEG 8945,226.19,226.19,Hunedoara
ANDREAS AGRO ECHIPAMENT S.R.L. HATEG,DMEGB 89,1842.97,1841.56,Hunedoara
ANDREI DARIOANA SYCO SRL VLADOSESTI,DMEG 8652,207.83,207.83,Alba
ANDREI DARIOANA SYCO SRL VLADOSESTI,DMEG 8940,1334.19,1334.19,Alba
ANDREI DARIOANA SYCO SRL VLADOSESTI,DMEG 8969,1395.14,1395.14,Alba
ARALAND NATURA S.R.L. DAIA ROMANA,DMEG 8790,545,545,Calin M (G8 En-Gros)
ATHENA ENERGY CARS S.R.L. DEVA,DMEG 3396,1017.46,132.46,Hunedoara
ATHENA ENERGY CARS S.R.L. DEVA,DMEG 3431,152.68,152.68,Hunedoara
ATHENA ENERGY CARS S.R.L. DEVA,DMEG 3492,163.05,163.05,Hunedoara
ATHENA ENERGY CARS S.R.L. DEVA,DMEG 3565,220.74,220.74,Hunedoara
ATHENA ENERGY CARS S.R.L. DEVA,DMEG 3587,304.68,304.68,Hunedoara
ATHENA ENERGY CARS S.R.L. DEVA,DMEG 3617,216.59,216.59,Hunedoara
AUTO CARMA COM S.R.L. ALBA IULIA,DMEG 8886,232.73,232.73,Alba
AUTO DORYMAG S.R.L. BLAJ,DMEG 8813,301.59,301.59,Alba
AUTO DORYMAG S.R.L. BLAJ,DMEG 8829,1057.78,1057.78,Alba
AUTO DORYMAG S.R.L. BLAJ,DMEG 8858,1252.83,1252.83,Alba
AUTO DORYMAG S.R.L. BLAJ,DMEG 8885,1178.49,1178.49,Alba
AUTO DORYMAG S.R.L. BLAJ,DMEG 8925,361.76,361.76,Alba
AUTO DORYMAG S.R.L. BLAJ,DMEG 8958,234.55,234.55,Alba
AUTO MAIER SERVICE SRL CRACIUNELUL DE JOS,DMEG 8776,7388.44,6957.53,Alba
AUTO MARIO EXPERT S.R.L. SAT CRISTUR  DEVA,DMEG 8833,813.02,133.22,Hunedoara
AUTO MARIO EXPERT S.R.L. SAT CRISTUR  DEVA,DMEG 8895,323.57,323.57,Hunedoara
AUTO MARIO EXPERT S.R.L. SAT CRISTUR  DEVA,DMEG 8948,1514.21,1514.21,Hunedoara
AUTO MARZA SRL ABRUD,DMEG 7826,279.4,157.52,Alba
AUTO MARZA SRL ABRUD,DMEG 7965,839.88,839.88,Alba
AUTO MARZA SRL ABRUD,DMEGB 84,1835.5,1835.5,Alba
AUTO MARZA SRL ABRUD,DMEGB 87,615.06,615.06,Alba
AUTO MET 2006 SRL HUNEDOARA,DMEG 8801,1583.47,1583.47,Hunedoara
AUTO MET 2006 SRL HUNEDOARA,DMEG 8906,2461.4,2461.4,Hunedoara
AUTO MOTO SHOP S.R.L. ALBA IULIA,DMEG 8791,474.72,398.72,Alba
AUTO MOTO SHOP S.R.L. ALBA IULIA,DMEG 8903,501.06,501.06,Alba
AUTO MOTO SHOP S.R.L. ALBA IULIA,DMEG 8974,1213.92,1213.92,Alba
AUTO NEK SERVICE SRL AVRAM IANCU,DMEG 8935,442.48,442.48,Alba
AUTO NEK SERVICE SRL AVRAM IANCU,DMEG 8953,290.61,290.61,Alba
AUTO NEK SERVICE SRL AVRAM IANCU,DMEG 8967,290.61,290.61,Alba
AUTO PARTS HUB S.R.L. OCNA MURES,DMEG 8855,258.46,258.46,Alba
AUTO PARTS HUB S.R.L. OCNA MURES,DMEG 8881,420.63,420.63,Alba
AUTO PARTS HUB S.R.L. OCNA MURES,DMEG 8955,541.84,541.84,Alba
AUTO WIS SERVICE SRL DEVA,DMEG 8576,724.46,584.74,Hunedoara
AUTO WIS SERVICE SRL DEVA,DMEG 8577,346.81,346.81,Hunedoara
AUTO WIS SERVICE SRL DEVA,DMEG 8621,692.5,692.5,Hunedoara
AUTO WIS SERVICE SRL DEVA,DMEG 8660,188.29,188.29,Hunedoara
AUTO WIS SERVICE SRL DEVA,DMEG 8690,341.79,341.79,Hunedoara
AUTO WIS SERVICE SRL DEVA,DMEG 8691,886.18,886.18,Hunedoara
AUTO WIS SERVICE SRL DEVA,DMEG 8723,377.96,377.96,Hunedoara
AUTO WIS SERVICE SRL DEVA,DMEG 8762,781.3,781.3,Hunedoara
AUTO WIS SERVICE SRL DEVA,DMEG 8764,262.82,262.82,Hunedoara
AUTO WIS SERVICE SRL DEVA,DMEG 8800,793.89,793.89,Hunedoara
AUTO WIS SERVICE SRL DEVA,DMEG 8843,569.31,569.31,Hunedoara
AUTO WIS SERVICE SRL DEVA,DMEG 8845,904.43,904.43,Hunedoara
AUTO WIS SERVICE SRL DEVA,DMEG 8912,741.39,741.39,Hunedoara
AUTO WIS SERVICE SRL DEVA,DMEG 8950,491.37,491.37,Hunedoara
AUTOCOMPANY MONTANA SRL SAT GURA SOHODOL  SOHODOL,DMEG 8830,180.11,180.11,Alba
AUTOCOMPANY MONTANA SRL SAT GURA SOHODOL  SOHODOL,DMEG 8838,1763.07,1763.07,Alba
AUTOCOMPANY MONTANA SRL SAT GURA SOHODOL  SOHODOL,DMEG 8869,1717.87,1717.87,Alba
AUTOCOMPANY MONTANA SRL SAT GURA SOHODOL  SOHODOL,DMEG 8897,301.89,301.89,Alba
AUTOCOMPANY MONTANA SRL SAT GURA SOHODOL  SOHODOL,DMEG 8937,3721.1,3721.1,Alba
AUTOCRIS PLUS SRL ALBA IULIA,DMEG 8755,308.06,306.79,Alba
AUTOCRIS PLUS SRL ALBA IULIA,DMEG 8821,710.23,710.23,Alba
AUTOCRIS PLUS SRL ALBA IULIA,DMEG 8851,1018.78,1018.78,Alba
AUTOCRIS PLUS SRL ALBA IULIA,DMEG 8915,1146.32,1146.32,Alba
AUTODEF APUSENI S.R.L. SAT CARPINIS  ROSIA MONTA,DMEG 8898,272.35,272.35,Alba
AUTOHON SALES SRL CALAN,DMEG 8890,377.52,372.92,Hunedoara
AUTOHON SALES SRL CALAN,DMEG 8929,414.95,414.95,Hunedoara
AUTOSPEED UTIL SRL ORASTIE,DMEG 8888,1084.03,1084.03,Hunedoara
AUTOSPEED UTIL SRL ORASTIE,DMEG 8960,661.9,661.9,Hunedoara
AUTOSPEED UTIL SRL ORASTIE,DMEGB 92,1518.6,1518.6,Hunedoara
AUTOVES TEHNIC S.R.L. ALBA IULIA,DMEG 4588,1128.3,1128.3,Calin (G7 Depozit)
AXF TRANSILVANIA PARTS S.R.L. ALBA IULIA,DMEG 7949,4758.71,2990.86,Alba
AXF TRANSILVANIA PARTS S.R.L. ALBA IULIA,DMEG 7950,4946.04,4946.04,Alba
AXF TRANSILVANIA PARTS S.R.L. ALBA IULIA,DMEG 7951,3164.86,3164.86,Alba
AXF TRANSILVANIA PARTS S.R.L. ALBA IULIA,DMEG 8109,2018.53,2018.53,Alba
AXF TRANSILVANIA PARTS S.R.L. ALBA IULIA,DMEG 8236,149.36,149.36,Alba
AXF TRANSILVANIA PARTS S.R.L. ALBA IULIA,DMEG 8305,1045.26,1045.26,Alba
AXF TRANSILVANIA PARTS S.R.L. ALBA IULIA,DMEG 8676,65.46,65.46,Alba
AZA UNIVERSAL SRL ABRUD,DMEG 7564,1541.08,840.18,Alba
AZA UNIVERSAL SRL ABRUD,DMEG 7707,334.17,334.17,Alba
AZA UNIVERSAL SRL ABRUD,DMEG 7828,239.26,239.26,Alba
AZA UNIVERSAL SRL ABRUD,DMEG 8049,490.77,490.77,Alba
AZA UNIVERSAL SRL ABRUD,DMEG 8125,384.88,384.88,Alba
AZA UNIVERSAL SRL ABRUD,DMEG 8223,541.19,541.19,Alba
AZA UNIVERSAL SRL ABRUD,DMEG 8326,411.95,411.95,Alba
AZA UNIVERSAL SRL ABRUD,DMEG 8374,363.47,363.47,Alba
BBB AUTO LINE LIGHT SRL ORASTIE,DMEG 8962,880.98,880.98,Hunedoara
CARS AUTO TEAM SRL HUNEDOARA,DMEG 8622,1810.44,436.23,Hunedoara
CARS AUTO TEAM SRL HUNEDOARA,DMEG 8694,339.56,339.56,Hunedoara
CARS AUTO TEAM SRL HUNEDOARA,DMEG 8758,527.85,527.85,Hunedoara
CARS AUTO TEAM SRL HUNEDOARA,DMEG 8804,620.75,620.75,Hunedoara
CARS AUTO TEAM SRL HUNEDOARA,DMEG 8834,585.55,585.55,Hunedoara
CARS AUTO TEAM SRL HUNEDOARA,DMEG 8873,215.71,215.71,Hunedoara
CARS AUTO TEAM SRL HUNEDOARA,DMEG 8896,257.2,257.2,Hunedoara
CARS AUTO TEAM SRL HUNEDOARA,DMEG 8904,930.59,930.59,Hunedoara
CARS AUTO TEAM SRL HUNEDOARA,DMEG 8944,320.11,320.11,Hunedoara
CARS AUTO TEAM SRL HUNEDOARA,DMEG 8964,782.1,782.1,Hunedoara
CCS TECHNIK GARAGE S.R.L. ORASTIE,DMEG 8176,7041.67,451.94,Hunedoara
CCS TECHNIK GARAGE S.R.L. ORASTIE,DMEG 8301,315.72,315.72,Hunedoara
CCS TECHNIK GARAGE S.R.L. ORASTIE,DMEG 8336,662.82,662.82,Hunedoara
CCS TECHNIK GARAGE S.R.L. ORASTIE,DMEG 8408,344.97,344.97,Hunedoara
CCS TECHNIK GARAGE S.R.L. ORASTIE,DMEG 8455,598.35,598.35,Hunedoara
CCS TECHNIK GARAGE S.R.L. ORASTIE,DMEG 8537,328.34,328.34,Hunedoara
CCS TECHNIK GARAGE S.R.L. ORASTIE,DMEG 8575,442.72,442.72,Hunedoara
CCS TECHNIK GARAGE S.R.L. ORASTIE,DMEG 8618,613.28,613.28,Hunedoara
CCS TECHNIK GARAGE S.R.L. ORASTIE,DMEG 8693,271.16,271.16,Hunedoara
CCS TECHNIK GARAGE S.R.L. ORASTIE,DMEG 8722,308.9,308.9,Hunedoara
CCS TECHNIK GARAGE S.R.L. ORASTIE,DMEG 8761,354.69,354.69,Hunedoara
CCS TECHNIK GARAGE S.R.L. ORASTIE,DMEG 8874,2644.4,2644.4,Hunedoara
CCS TECHNIK GARAGE S.R.L. ORASTIE,DMEG 8907,403.75,403.75,Hunedoara
CRIS AUTOSERVICE S.R.L. BAIA DE ARIES,DMEG 8164,1164.48,6.77,Calin M (G8 En-Gros)
CRIS AUTOSERVICE S.R.L. BAIA DE ARIES,DMEG 8179,776.34,776.34,Calin M (G8 En-Gros)
CRIS AUTOSERVICE S.R.L. BAIA DE ARIES,DMEG 8485,505.6,505.6,Calin M (G8 En-Gros)
CRIS AUTOSERVICE S.R.L. BAIA DE ARIES,DMEG 8486,1067.48,1067.48,Calin M (G8 En-Gros)
CRIS AUTOSERVICE S.R.L. BAIA DE ARIES,DMEG 8570,637.61,637.61,Calin M (G8 En-Gros)
CRISOBI  MTX SRL HUNEDOARA,DMEG 8728,1570.56,1570.56,Hunedoara
DANE TRANSCOM SRL ALBA IULIA,DMEG 8627,5017.98,5017.98,Alba
DAVCAT AUTO S.R.L. HUNEDOARA,DMEG 5505,4795.44,498.17,Hunedoara
DAVCAT AUTO S.R.L. HUNEDOARA,DMEG 5506,1575.72,1575.72,Hunedoara
DAVCAT AUTO S.R.L. HUNEDOARA,DMEG 5690,63.48,63.48,Hunedoara
DAVCAT AUTO S.R.L. HUNEDOARA,DMEG 5698,93.8,93.8,Hunedoara
DAVCAT AUTO S.R.L. HUNEDOARA,DMEG 5844,119.58,119.58,Hunedoara
DAVCAT AUTO S.R.L. HUNEDOARA,DMEG 6138,467.32,467.32,Hunedoara
DAVCAT AUTO S.R.L. HUNEDOARA,DMEGB 19,852.76,852.76,Hunedoara
DELPAS SRL GUGIR,DMEG 8745,989.56,989.56,Alba
DETAILING STYLE SRL BLAJ,DMEG 8779,1459.04,1392.7,Alba
DETAILING STYLE SRL BLAJ,DMEG 8860,779.83,779.83,Alba
DETAILING STYLE SRL BLAJ,DMEG 8926,2896.99,2896.99,Alba
DIESEL TRADING ONE S.R.L. OIEJDEA,DMEG 8701,6232.46,6232.46,Calin M (G8 En-Gros)
DIROM INTERTRANS SRL ALBA IULIA,DMEG 6016,5379.19,5346.27,Alba
DIROM INTERTRANS SRL ALBA IULIA,DMEG 6191,301.58,301.58,Alba
DIROM INTERTRANS SRL ALBA IULIA,DMEG 6230,428.78,428.78,Alba
DIROM INTERTRANS SRL ALBA IULIA,DMEG 6459,5152.92,5152.92,Alba
DIROM INTERTRANS SRL ALBA IULIA,DMEG 6485,193.56,193.56,Alba
DIROM INTERTRANS SRL ALBA IULIA,DMEG 6509,274.11,274.11,Alba
DIROM INTERTRANS SRL ALBA IULIA,DMEG 7500,551.74,551.74,Alba
DIROM INTERTRANS SRL ALBA IULIA,DMEG 7532,5257.39,5257.39,Alba
DIROM INTERTRANS SRL ALBA IULIA,DMEG 7895,190.03,190.03,Alba
DIROM INTERTRANS SRL ALBA IULIA,DMEG 8290,"-10,410.31","-10,410.31",Alba
DOMENIILE LAZAR S.R.L. ALBA IULIA,DMEG 8741,180.85,180.85,Alba
DOMENIILE LAZAR S.R.L. ALBA IULIA,DMEG 8849,1378.14,1378.14,Alba
DRAGOSIN UNIVERSAL TRIUMPH SRL ORASTIE,DMEG 8959,1147.04,1147.04,Hunedoara
DRAGUSANU SRL HUNEDOARA,DMEG 8012,1270.68,461.97,Hunedoara
DRAGUSANU SRL HUNEDOARA,DMEG 8200,1169.94,1169.94,Hunedoara
DRAGUSANU SRL HUNEDOARA,DMEG 8292,443.82,443.82,Hunedoara
DRAGUSANU SRL HUNEDOARA,DMEG 8339,848.28,848.28,Hunedoara
DRAGUSANU SRL HUNEDOARA,DMEG 8456,1908.79,1908.79,Hunedoara
DRAGUSANU SRL HUNEDOARA,DMEG 8623,3337.92,3337.92,Hunedoara
DRAGUSANU SRL HUNEDOARA,DMEG 8727,949.96,949.96,Hunedoara
DRAGUSANU SRL HUNEDOARA,DMEG 8818,1343.4,1343.4,Hunedoara
DRAGUSANU SRL HUNEDOARA,DMEG 8878,452.3,452.3,Hunedoara
DRAGUSANU SRL HUNEDOARA,DMEG 8942,1697.98,1697.98,Hunedoara
DUPEX S.R.L. SEBES,DMEG 8914,234.16,234.16,Alba
ECAT AUTO S.R.L. ABRUD,DMEG 8872,4089.68,2589.68,Alba
ECODEP SERVICE SRL SAT DAIA ROMANA  DAIA ROM,DMEG 5760,628.8,262.78,Calin (G7 Depozit)
EMINENT EXPERT TOUR SRL HATEG,DMEG 7207,2232.2,1802.77,Hunedoara
EMINENT EXPERT TOUR SRL HATEG,DMEG 7329,591.96,591.96,Hunedoara
EMINENT EXPERT TOUR SRL HATEG,DMEG 7494,1182.92,1182.92,Hunedoara
EMINENT EXPERT TOUR SRL HATEG,DMEG 7698,1045.79,1045.79,Hunedoara
EMINENT EXPERT TOUR SRL HATEG,DMEG 7865,1170.74,1170.74,Hunedoara
EMINENT EXPERT TOUR SRL HATEG,DMEG 8891,1356.94,1356.94,Hunedoara
EPURE IOAN AUTO II CARPINIS,DMEG 8717,1727.3,1094.17,Alba
EPURE IOAN AUTO II CARPINIS,DMEG 8824,465.46,465.46,Alba
EPURE IOAN AUTO II CARPINIS,DMEG 8936,5074.25,5074.25,Alba
ERICH MOTOR SPORT S.R.L. HUNEDOARA,DMEG 4533,403.05,403.05,Hunedoara
FAVORIT BOA TRANS SRL BLAJ,DMEG 7776,922.4,422.4,Alba
FAVORIT BOA TRANS SRL BLAJ,DMEG 7899,586.18,586.18,Alba
FAVORIT BOA TRANS SRL BLAJ,DMEG 8152,443.82,443.82,Alba
FLORIMONA SRL DEVA,DMEG 8875,62.92,59.76,Hunedoara
FLORIMONA SRL DEVA,DMEG 8910,1357.87,1357.87,Hunedoara
FLORIMONA SRL DEVA,DMEG 8943,446.71,446.71,Hunedoara
FREDYLUCI INVENT S.R.L. HATEG,DMEG 8892,634.15,634.15,Hunedoara
GARAGE MARIUS & PAUL SRL NALAT-VAD,DMEG 1105,1854.68,598.82,Hunedoara
GEASIL AUTOSERV S.R.L. SAT SANTAMARIA-ORLEA  SAN,DMEG 8928,271.16,271.16,Hunedoara
GLOBAL ELECTRONIC SRL ORASTIE,DMEG 8961,5049.43,100,Hunedoara
GOW TOTAL SERVICE S.R.L. SAT SANTIMBRU  SANTIMBRU,DMEG 4530,8148.44,4148.44,Alba
GOW TOTAL SERVICE S.R.L. SAT SANTIMBRU  SANTIMBRU,DMEG 4792,2326.6,2326.6,Alba
HOLDING TRANSILVANIA S.R.L. TEIUS,DMEG 7900,196.96,13.94,Alba
HOLDING TRANSILVANIA S.R.L. TEIUS,DMEG 8153,632.58,632.58,Alba
HOLDING TRANSILVANIA S.R.L. TEIUS,DMEG 8209,188.74,188.74,Alba
HOLDING TRANSILVANIA S.R.L. TEIUS,DMEG 8275,822.61,822.61,Alba
INTERNATIONAL INTERN-SERVICE SRL ALBA IULIA,DMEG 6870,6571.11,1565.07,Alba
INTERNATIONAL INTERN-SERVICE SRL ALBA IULIA,DMEG 7194,67.39,67.39,Alba
INTERNATIONAL INTERN-SERVICE SRL ALBA IULIA,DMEG 7565,235.12,235.12,Alba
INTERNATIONAL INTERN-SERVICE SRL ALBA IULIA,DMEG 7593,7257.6,7257.6,Alba
INTERNATIONAL INTERN-SERVICE SRL ALBA IULIA,DMEG 8066,6111.13,6111.13,Alba
INTERNATIONAL INTERN-SERVICE SRL ALBA IULIA,DMEG 8100,185.97,185.97,Alba
INTERNATIONAL INTERN-SERVICE SRL ALBA IULIA,DMEG 8171,204.69,204.69,Alba
INTERNATIONAL INTERN-SERVICE SRL ALBA IULIA,DMEG 8349,341.16,341.16,Alba
INTERNATIONAL INTERN-SERVICE SRL ALBA IULIA,DMEG 8430,204.66,204.66,Alba
INTERNATIONAL INTERN-SERVICE SRL ALBA IULIA,DMEG 8697,2520.78,2520.78,Alba
KAMPA STIL S.R.L. ALBA IULIA,DMEG 8848,448.44,448.44,Alba
KEVYAN AUTO KLEIN SRL HUNEDOARA,DMEG 8802,1109.76,289.12,Hunedoara
KEVYAN AUTO KLEIN SRL HUNEDOARA,DMEG 8819,243.15,243.15,Hunedoara
KEVYAN AUTO KLEIN SRL HUNEDOARA,DMEG 8879,467.73,467.73,Hunedoara
KEVYAN AUTO KLEIN SRL HUNEDOARA,DMEG 8933,1591.95,1591.95,Hunedoara
KING INVEST SRL ALBA IULIA,DMEG 8853,507.56,507.56,Alba
KING INVEST SRL ALBA IULIA,DMEG 8954,659.4,659.4,Alba
LASCAUTODIVERS L.C.I. S.R.L. HATEG,DMEG 7960,298.19,70.8,Hunedoara
LASCAUTODIVERS L.C.I. S.R.L. HATEG,DMEG 8040,143.43,143.43,Hunedoara
LASCAUTODIVERS L.C.I. S.R.L. HATEG,DMEG 8075,666.99,666.99,Hunedoara
LASCAUTODIVERS L.C.I. S.R.L. HATEG,DMEG 8249,570.26,570.26,Hunedoara
LASCAUTODIVERS L.C.I. S.R.L. HATEG,DMEG 8366,97.98,97.98,Hunedoara
LASCAUTODIVERS L.C.I. S.R.L. HATEG,DMEG 8405,321.5,321.5,Hunedoara
LASCAUTODIVERS L.C.I. S.R.L. HATEG,DMEG 8927,436.49,436.49,Hunedoara
LAZAR AUTO ASSISTANCE SRL DEVA,DMEG 7720,8550.85,6550.4,Hunedoara
LAZAR AUTO ASSISTANCE SRL DEVA,DMEG 8692,6602.62,6602.62,Hunedoara
M & N ANCA STORE S.R.L. ABRUD,DMEG 8868,188.76,188.76,Alba
MADI AUTO CLEAN SRL AIUD,DMEG 8841,981.11,981.11,Alba
MOJIK SERVICE S.R.L. SAT PIRITA  ZLATNA,DMEG 8835,686.99,686.99,Alba
MOLDO CENTER S.R.L. ALBA IULIA,DMEG 8312,2755.5,2654.72,Alba
MOLDO CENTER S.R.L. ALBA IULIA,DMEG 8355,1051.14,1051.14,Alba
MOLDO CENTER S.R.L. ALBA IULIA,DMEG 8373,50.64,50.64,Alba
MOLDO CENTER S.R.L. ALBA IULIA,DMEG 8397,380.31,380.31,Alba
MOLDO CENTER S.R.L. ALBA IULIA,DMEG 8435,367.8,367.8,Alba
MOLDO CENTER S.R.L. ALBA IULIA,DMEG 8542,185.97,185.97,Alba
MOLDO CENTER S.R.L. ALBA IULIA,DMEG 8746,288.84,288.84,Alba
MOLDO CENTER S.R.L. ALBA IULIA,DMEG 8957,412.7,412.7,Alba
MTG AUTO MOTO SRL AIUD,DMEG 8314,886.1,638.34,Alba
MTG AUTO MOTO SRL AIUD,DMEG 8346,239.52,239.52,Alba
MTG AUTO MOTO SRL AIUD,DMEG 8700,498.92,498.92,Alba
MTG AUTO MOTO SRL AIUD,DMEG 8882,286.82,286.82,Alba
NATALY COM IMPEX S.R.L. BRAD,DMEG 8844,2283.45,2283.45,Hunedoara
NATALY COM IMPEX S.R.L. BRAD,DMEG 8908,809.77,809.77,Hunedoara
NEOAUTO STAN S.R.L. CIULDESTI  BISTRA,DMEG 8820,377.4,377.4,Alba
NEOAUTO STAN S.R.L. CIULDESTI  BISTRA,DMEG 8866,698.2,698.2,Alba
NEOAUTO STAN S.R.L. CIULDESTI  BISTRA,DMEG 8900,904.49,904.49,Alba
NEOAUTO STAN S.R.L. CIULDESTI  BISTRA,DMEG 8939,1206.99,1206.99,Alba
NEOAUTO STAN S.R.L. CIULDESTI  BISTRA,DMEG 8972,1622.56,1622.56,Alba
OLIDAN TRANS SRL HATEG,DMEG 6934,1525.12,1525.12,Hunedoara
OLIDAN TRANS SRL HATEG,DMEG 8963,2037.99,2037.99,Hunedoara
PE ROTI BUNE SRL ALBA IULIA,DMEG 6812,2373.43,1703.6,Alba
PE ROTI BUNE SRL ALBA IULIA,DMEG 7224,2372.73,2372.73,Alba
PE ROTI BUNE SRL ALBA IULIA,DMEG 7245,216,216,Alba
PE ROTI BUNE SRL ALBA IULIA,DMEG 7669,251.63,251.63,Alba
PIESE AUTO CALIN SRL VALISOARA,DMEG 8923,448.44,448.44,Alba
PIPPO UTILITY SRL HATEG,DMEG 8893,905.46,905.46,Hunedoara
POSSIM QUALITY SRL SEBES,DMEG 8918,522.57,522.57,Alba
POSTEIU SERVICE SRL CUGIR,DMEG 8952,924.1,924.1,Hunedoara
PROSERVICE AUTOMOBILE SRL HUNEDOARA,DMEG 7135,3762.77,825.34,Hunedoara
PROSERVICE AUTOMOBILE SRL HUNEDOARA,DMEG 7176,2087.52,2087.52,Hunedoara
PROSERVICE AUTOMOBILE SRL HUNEDOARA,DMEG 7374,267.1,267.1,Hunedoara
PROSERVICE AUTOMOBILE SRL HUNEDOARA,DMEG 7758,4118.02,4118.02,Hunedoara
PROSPER APUSENI SRL ROSIA MONTANA,DMEG 8615,5017.98,5017.98,Alba
PROSPER APUSENI SRL ROSIA MONTANA,DMEG 8656,9692.13,9692.13,Alba
R & D AUTOTURISMUL SRL OCNA MURES,DMEG 8854,627.24,627.24,Alba
R & D AUTOTURISMUL SRL OCNA MURES,DMEG 8887,401.12,401.12,Alba
R & D AUTOTURISMUL SRL OCNA MURES,DMEG 8931,508,508,Alba
RALUKA PERFORMANCE S.R.L. SAT DOBRA  DOBRA,DMEG 1863,36000,16800,Hunedoara
RALUKA PERFORMANCE S.R.L. SAT DOBRA  DOBRA,DMEG 3308,1072.2,594.21,Hunedoara
RALUKA PERFORMANCE S.R.L. SAT DOBRA  DOBRA,DMEG 3314,416.84,416.84,Hunedoara
RALUKA PERFORMANCE S.R.L. SAT DOBRA  DOBRA,DMEG 3342,729.12,729.12,Hunedoara
RALUKA PERFORMANCE S.R.L. SAT DOBRA  DOBRA,DMEG 3436,356.73,356.73,Hunedoara
RALUKA PERFORMANCE S.R.L. SAT DOBRA  DOBRA,DMEG 3545,651.4,651.4,Hunedoara
RALUKA PERFORMANCE S.R.L. SAT DOBRA  DOBRA,DMEG 3588,764.3,764.3,Hunedoara
RALUKA PERFORMANCE S.R.L. SAT DOBRA  DOBRA,DMEG 3625,729.12,729.12,Hunedoara
RALUKA PERFORMANCE S.R.L. SAT DOBRA  DOBRA,DMEG 3629,216.35,216.35,Hunedoara
RALUKA PERFORMANCE S.R.L. SAT DOBRA  DOBRA,DMEG 3881,597.2,597.2,Hunedoara
RALUKA PERFORMANCE S.R.L. SAT DOBRA  DOBRA,DMEG 3911,5600.79,5600.79,Hunedoara
RALUKA PERFORMANCE S.R.L. SAT DOBRA  DOBRA,DMEG 4565,652.3,652.3,Hunedoara
RALUKA PERFORMANCE S.R.L. SAT DOBRA  DOBRA,DMEG 4623,2042.43,2042.43,Hunedoara
RALUKA PERFORMANCE S.R.L. SAT DOBRA  DOBRA,DMEG 4732,870.5,870.5,Hunedoara
RALUKA PERFORMANCE S.R.L. SAT DOBRA  DOBRA,DMEG 4736,1009.8,1009.8,Hunedoara
RALUKA PERFORMANCE S.R.L. SAT DOBRA  DOBRA,DMEG 4879,870.5,870.5,Hunedoara
RALUKA PERFORMANCE S.R.L. SAT DOBRA  DOBRA,DMEG 4945,596.72,596.72,Hunedoara
RALUKA PERFORMANCE S.R.L. SAT DOBRA  DOBRA,DMEG 6737,736.72,736.72,Hunedoara
RALUKA PERFORMANCE S.R.L. SAT DOBRA  DOBRA,DMEG 6994,716.1,716.1,Hunedoara
RALUKA PERFORMANCE S.R.L. SAT DOBRA  DOBRA,DMEG 7132,564.66,564.66,Hunedoara
RALUKA PERFORMANCE S.R.L. SAT DOBRA  DOBRA,DMEG 7471,651.3,651.3,Hunedoara
RALUKA PERFORMANCE S.R.L. SAT DOBRA  DOBRA,DMEGB 59,898.02,898.02,Hunedoara
RALUKA PERFORMANCE S.R.L. SAT DOBRA  DOBRA,DMEGB 60,898.02,898.02,Hunedoara
RARA WERKSTATT S.R.L. ALBA IULIA,DMEG 6813,13080.39,3528.34,Alba
RAV AUTO BEST S.R.L. DEVA,DMEG 7750,358.62,358.62,Hunedoara
RAVAUTOGRUP SRL HARAU,DMEG 8211,748.1,248.1,Hunedoara
RAVAUTOGRUP SRL HARAU,DMEG 8580,432.76,432.76,Hunedoara
REAL DOC FOREST SRL AIUD,DMEG 8283,578.61,578.61,Alba
REAL DOC FOREST SRL AIUD,DMEG 8288,6604.2,6604.2,Alba
REAL DOC FOREST SRL AIUD,DMEG 8382,535.8,535.8,Alba
REAL DOC FOREST SRL AIUD,DMEG 8402,6604.2,6604.2,Alba
REAL DOC FOREST SRL AIUD,DMEG 8729,2201.4,2201.4,Alba
REAL DOC FOREST SRL AIUD,DMEGB 91,1135.75,1135.75,Alba
REPARATII ANDY & ANDREEA SRL HATEG,DMEG 8042,8680.93,5694.93,Hunedoara
REPARATII ANDY & ANDREEA SRL HATEG,DMEG 8323,9512.71,9512.71,Hunedoara
REPARATII ANDY & ANDREEA SRL HATEG,DMEG 8603,6835.49,6835.49,Hunedoara
REPARATII ANDY & ANDREEA SRL HATEG,DMEG 8920,374.52,374.52,Hunedoara
ROM SINCRON SRL ALBA IULIA,DMEG 8242,432.76,46.38,Alba
ROM SINCRON SRL ALBA IULIA,DMEG 8665,656.44,656.44,Alba
ROM SINCRON SRL ALBA IULIA,DMEG 8734,142.41,142.41,Alba
ROM SINCRON SRL ALBA IULIA,DMEG 8798,409.44,409.44,Alba
ROM SINCRON SRL ALBA IULIA,DMEG 8811,461.93,461.93,Alba
ROM SINCRON SRL ALBA IULIA,DMEG 8840,146.88,146.88,Alba
ROM SINCRON SRL ALBA IULIA,DMEG 8968,804.28,804.28,Alba
ROTI BUNE TECH S.R.L. ALBA IULIA,DMEG 7894,1949.41,1583.6,Alba
SEIU GRUP S.R.L. ALBA IULIA,DMEG 8767,1120.58,1101.81,Alba
SEIU GRUP S.R.L. ALBA IULIA,DMEG 8836,356.1,356.1,Alba
SERCOM AGREGATE SRL OIEJDEA,DMEG 8659,3087.07,3087.07,Calin M (G8 En-Gros)
SERCOM AGREGATE SRL OIEJDEA,DMEGB 32,2644.48,2644.48,Calin (G7 Depozit)
SERCOM AGREGATE SRL OIEJDEA,DMEGB 83,2931.2,2931.2,Calin M (G8 En-Gros)
SERCOM AGREGATE SRL OIEJDEA,DMEGB 86,2741.2,2741.2,Calin M (G8 En-Gros)
SERVICE CONCEPT WEST EXPERT S.R.L. DEVA,DMEG 7721,3766.49,1067.86,Hunedoara
SERVICE CONCEPT WEST EXPERT S.R.L. DEVA,DMEG 7777,269.85,269.85,Hunedoara
SERVICE CONCEPT WEST EXPERT S.R.L. DEVA,DMEG 8016,733.35,733.35,Hunedoara
SERVICE CONCEPT WEST EXPERT S.R.L. DEVA,DMEG 8876,10808.11,10808.11,Hunedoara
SERVICE RIANA DRIVE SRL HUNEDOARA,DMEG 8803,2640.58,1889.67,Hunedoara
SERVICII AUTO GHITA SRL HUNEDOARA,DMEG 1032,4631.03,4631.03,Hunedoara
SERVICII AUTO GHITA SRL HUNEDOARA,DMEG 1033,1578.85,1578.85,Hunedoara
SHIRVANIAN GROUP S.R.L. ALBA IULIA,DMEG 8839,3745.59,3745.59,Alba
STAR AUTO MONI S.R.L. ORASTIE,DMEG 8831,1138.77,1138.77,Hunedoara
STAR AUTO MONI S.R.L. ORASTIE,DMEG 8865,1217.72,1217.72,Hunedoara
STAR AUTO MONI S.R.L. ORASTIE,DMEG 8889,706.5,706.5,Hunedoara
STOIA IULIU PERSOANA FIZICA AUTORIZ OCNA MURES,DMEG 3403,1893.52,551.6,Alba
TERMOCONS SRL CAMPENI,DMEG 8899,1414.7,1414.7,Alba
TERMOCONS SRL CAMPENI,DMEG 8949,1262.69,1262.69,Alba
THOR AUTO & MOTO S.R.L. HATEG,DMEG 4072,829.15,264.03,Hunedoara
THOR AUTO & MOTO S.R.L. HATEG,DMEG 4151,569.84,569.84,Hunedoara
THOR AUTO & MOTO S.R.L. HATEG,DMEG 4252,211.45,211.45,Hunedoara
THOR AUTO & MOTO S.R.L. HATEG,DMEG 4291,92.34,92.34,Hunedoara
THOR AUTO & MOTO S.R.L. HATEG,DMEG 4409,318.69,318.69,Hunedoara
THOR AUTO & MOTO S.R.L. HATEG,DMEG 4414,501.26,501.26,Hunedoara
TOMIFLEX LOGISTIC SRL ALBA IULIA,DMEG 8291,10514.78,10514.78,Alba
TOMIFLEX LOGISTIC SRL ALBA IULIA,DMEG 8303,1469.88,1469.88,Calin M (G8 En-Gros)
TOTAL FOCUS TRADE SRL ALBA IULIA,DMEG 8071,307.13,25.48,Alba
TOTAL FOCUS TRADE SRL ALBA IULIA,DMEG 8083,112.29,112.29,Alba
TOTAL FOCUS TRADE SRL ALBA IULIA,DMEG 8184,344.22,344.22,Alba
TOTAL FOCUS TRADE SRL ALBA IULIA,DMEG 8202,269.09,269.09,Alba
TOTAL FOCUS TRADE SRL ALBA IULIA,DMEG 8234,190.03,190.03,Alba
TOTAL FOCUS TRADE SRL ALBA IULIA,DMEG 8273,221.9,221.9,Alba
TOTAL FOCUS TRADE SRL ALBA IULIA,DMEG 8282,442.02,442.02,Alba
TOTAL FOCUS TRADE SRL ALBA IULIA,DMEG 8316,137.36,137.36,Alba
TOTAL FOCUS TRADE SRL ALBA IULIA,DMEG 8551,343.39,343.39,Alba
TOTAL FOCUS TRADE SRL ALBA IULIA,DMEG 8683,277.12,277.12,Alba
TOTAL FOCUS TRADE SRL ALBA IULIA,DMEG 8756,353.81,353.81,Alba
TRIFO AUTO SRL STREMT,DMEG 8883,556.46,556.46,Alba
UNIC APUSENI S.R.L. CAMPENI,DMEG 8870,188.76,188.76,Alba
UNIC APUSENI S.R.L. CAMPENI,DMEG 8971,706.71,706.71,Alba
UNIC SELECT SRL HUNEDOARA,DMEG 7231,467.36,9.48,Hunedoara
UNIC SELECT SRL HUNEDOARA,DMEG 7510,940.25,940.25,Hunedoara
UNIC SELECT SRL HUNEDOARA,DMEG 7714,5748.89,5748.89,Hunedoara
UNIC SELECT SRL HUNEDOARA,DMEG 7755,1213.63,1213.63,Hunedoara
UNIC SELECT SRL HUNEDOARA,DMEG 7885,798.91,798.91,Hunedoara
VENUS VANMOL S.R.L. ALBA IULIA,DMEG 7638,440.46,436.54,Alba
VESTDAVA RETAIL AND SERVICES SRL DEVA,DMEG 8536,1810.19,692.04,Hunedoara
VESTDAVA RETAIL AND SERVICES SRL DEVA,DMEG 8579,497.23,497.23,Hunedoara
VESTDAVA RETAIL AND SERVICES SRL DEVA,DMEG 8661,1814.31,1814.31,Hunedoara
VESTDAVA RETAIL AND SERVICES SRL DEVA,DMEG 8689,314.65,314.65,Hunedoara
VESTDAVA RETAIL AND SERVICES SRL DEVA,DMEG 8724,531.07,531.07,Hunedoara
VESTDAVA RETAIL AND SERVICES SRL DEVA,DMEG 8846,2070.84,2070.84,Hunedoara
VESTDAVA RETAIL AND SERVICES SRL DEVA,DMEG 8877,2696.18,2696.18,Hunedoara
VESTDAVA RETAIL AND SERVICES SRL DEVA,DMEG 8947,3607.99,3607.99,Hunedoara
VIAVIX TEAM TRANS S.R.L. HUNEDOARA,DMEG 4065,3470.57,10.98,Hunedoara
VOX ZECOR S.R.L. NALAT-VAD  HATEG,DMEG 7577,883.75,314.72,Hunedoara
VOX ZECOR S.R.L. NALAT-VAD  HATEG,DMEG 7958,887.63,887.63,Hunedoara
VRT AUTO S.R.L. LUPSA,DMEG 8823,784.52,775.48,Alba
VRT AUTO S.R.L. LUPSA,DMEG 8901,3242.51,3242.51,Alba
VRT AUTO S.R.L. LUPSA,DMEG 8973,188.76,188.76,Alba
VVX TRANS S.R.L. HUNEDOARA,DMEG 5535,2732.17,1732.17,Hunedoara
VVX TRANS S.R.L. HUNEDOARA,DMEG 5576,956.4,956.4,Hunedoara
WIS PROMPTSERVICE SRL DEVA,DMEG 8769,526.86,505.21,Hunedoara
YAX AUTO S.R.L. ALBA IULIA,DMEG 8861,437.15,437.15,Alba
